{"type":"FeatureCollection","features":[{"type":"Feature","geometry":{"type":"Polygon","coordinates":[[[113.54044,22.19449],[113.54586,22.18954],[113.54332,22.1863],[113.54269,22.18288],[113.54061,22.18232],[113.5385,22.17844],[113.53506,22.17801],[113.53207,22.17987],[113.53295,22.18269],[113.53911,22.19474],[113.54044,22.19449]]]},"properties":{"name":"風順堂區","adcode":"820005","telecode":"1853","level":"district","parent":{"name":"澳門特別行政區","level":"province","adcode":"820000","center":{"crs":{"type":"name","properties":{"name":"urn:ogc:def:crs:EPSG:6.3:4326"}},"type":"Point","coordinates":[113.54909,22.198951]}},"center":{"lng":113.54167,"lat":22.187778}}}]}