{"type":"FeatureCollection","features":[{"type":"Feature","geometry":{"type":"Polygon","coordinates":[[[113.55954,22.19537],[113.55631,22.192],[113.54857,22.19328],[113.54872,22.19523],[113.55543,22.20074],[113.55938,22.19821],[113.55954,22.19537]]]},"properties":{"name":"望德堂區","adcode":"820003","telecode":"1853","level":"district","parent":{"name":"澳門特別行政區","level":"province","adcode":"820000","center":{"crs":{"type":"name","properties":{"name":"urn:ogc:def:crs:EPSG:6.3:4326"}},"type":"Point","coordinates":[113.54909,22.198951]}},"center":{"lng":113.550252,"lat":22.193791}}}]}