{"type":"FeatureCollection","features":[{"type":"Feature","geometry":{"type":"Polygon","coordinates":[[[113.53994,22.16128],[113.58663,22.17417],[113.59309,22.16229],[113.60195,22.13811],[113.5742,22.15153],[113.56918,22.14756],[113.56569,22.15141],[113.56333,22.14873],[113.56002,22.14781],[113.55609,22.14914],[113.54784,22.14927],[113.53994,22.16128]]]},"properties":{"name":"嘉模堂區","adcode":"820006","telecode":"1853","level":"district","parent":{"name":"澳門特別行政區","level":"province","adcode":"820000","center":{"crs":{"type":"name","properties":{"name":"urn:ogc:def:crs:EPSG:6.3:4326"}},"type":"Point","coordinates":[113.54909,22.198951]}},"center":{"lng":113.558783,"lat":22.154124}}}]}