{"type":"FeatureCollection","features":[{"type":"Feature","geometry":{"type":"Polygon","coordinates":[[[113.559,22.2128],[113.6039,22.1329],[113.561,22.1062],[113.5318,22.1756],[113.5385,22.2096],[113.559,22.2128]]]},"properties":{"name":"澳門特別行政區","adcode":"820000","telecode":"1853","level":"province","parent":{"name":"中华人民共和国","level":"country","adcode":"100000","center":{"crs":{"type":"name","properties":{"name":"urn:ogc:def:crs:EPSG:6.3:4326"}},"type":"Point","coordinates":[116.3683244,39.915085]}},"center":{"lng":113.54909,"lat":22.198951}}}]}