{"type":"FeatureCollection","features":[{"type":"Feature","geometry":{"type":"Polygon","coordinates":[[[113.55543,22.20074],[113.54872,22.19523],[113.54864,22.19331],[113.54595,22.19225],[113.53911,22.19474],[113.53931,22.20156],[113.55056,22.20455],[113.55543,22.20074]]]},"properties":{"name":"花王堂區","adcode":"820002","telecode":"1853","level":"district","parent":{"name":"澳門特別行政區","level":"province","adcode":"820000","center":{"crs":{"type":"name","properties":{"name":"urn:ogc:def:crs:EPSG:6.3:4326"}},"type":"Point","coordinates":[113.54909,22.198951]}},"center":{"lng":113.549052,"lat":22.199175}}}]}