{"type":"FeatureCollection","features":[{"type":"Feature","geometry":{"type":"Polygon","coordinates":[[[113.55904,22.21283],[113.56723,22.20982],[113.58202,22.18265],[113.55953,22.19535],[113.55938,22.19821],[113.55086,22.20445],[113.53931,22.20156],[113.54,22.20403],[113.53831,22.20932],[113.53925,22.21014],[113.54631,22.21007],[113.54957,22.21419],[113.55904,22.21283]]]},"properties":{"name":"花地瑪堂區","adcode":"820001","telecode":"1853","level":"district","parent":{"name":"澳門特別行政區","level":"province","adcode":"820000","center":{"crs":{"type":"name","properties":{"name":"urn:ogc:def:crs:EPSG:6.3:4326"}},"type":"Point","coordinates":[113.54909,22.198951]}},"center":{"lng":113.552965,"lat":22.207882}}}]}